{"outdir": "./outdir/injection_0/", "seed": 6139, "f_sampling": 4096, "duration": 128, "fmin": 20, "ifos": ["H1", "L1", "V1"], "M_c": 1.2096553177806642, "q": 0.7286135491150763, "s1_z": -0.02871817263691816, "s2_z": 0.045738452488019846, "lambda_tilde": 1929.4064622603632, "delta_lambda_tilde": -148.8276345289732, "d_L": 31.277063116913645, "t_c": 0.04801170467617072, "phase_c": 4.271751001721609, "cos_iota": 0.5719603828747541, "psi": 0.5903701516411167, "ra": 4.998854958962392, "sin_dec": -0.13109650998237776}