M_c,q,s1_z,s2_z,lambda_tilde,delta_lambda_tilde,d_L,t_c,phase_c,cos_iota,psi,ra,sin_dec
1.2096553177806642,0.7286135491150763,-0.02871817263691816,0.045738452488019846,1929.4064622603632,-148.8276345289732,31.277063116913645,0.04801170467617072,4.271751001721609,0.5719603828747541,0.5903701516411167,4.998854958962392,-0.13109650998237776
1.182358496731683,0.6834997927562789,0.0013283836702027568,-0.033812852589750725,433.40122590590903,-33.168336402491036,31.789650840602047,-0.08933662991429901,5.826241299373959,-0.27505594429768454,2.433252227989817,1.2134010709762213,0.18649884121855664
1.2028306906314559,0.5428826624586351,-0.006458256150846622,-0.012862075384404419,2694.2720706900795,73.14628389764175,69.03587379643697,0.07336758856733364,5.288877542745771,-0.41288123991158265,0.6749956855238536,4.762446015875964,-0.9796054777755132
