{"M_c": [1.18, 1.21], "q": [0.125, 1.0], "s1_z": [-0.05, 0.05], "s2_z": [-0.05, 0.05], "lambda_tilde": [0.0, 3000.0], "delta_lambda_tilde": [-500.0, 500.0], "d_L": [1.0, 75.0], "t_c": [-0.1, 0.1], "phase_c": [0.0, 6.283185307179586], "cos_iota": [-1.0, 1.0], "psi": [0.0, 3.141592653589793], "ra": [0.0, 6.283185307179586], "sin_dec": [-1, 1]}