ES_name,best_fitness,best_member
CMA_ES,-372.6859,"[ 1.19762540e+00  6.64626239e-01  3.42461272e-02  1.29622419e-02
  8.49613522e+02  1.04322322e+01  1.09759191e+01  8.07243268e-03
  4.35645680e+00 -1.39181257e-02  1.69494568e+00  5.09034811e+00
  4.27373014e-01]"
OpenES,9993.179,"[ 1.18129371e+00  1.25000000e-01 -5.00000000e-02 -4.73077554e-02
  0.00000000e+00 -4.96634353e+02  9.02619390e+00 -1.00000000e-01
  8.51542318e-02 -9.89113196e-01  2.66242796e-01  1.31658311e-01
 -1.00000000e+00]"
