{"outdir": "./outdir/injection_2/", "seed": 8915, "f_sampling": 4096, "duration": 128, "fmin": 20, "ifos": ["H1", "L1", "V1"], "M_c": 1.2028306906314559, "q": 0.5428826624586351, "s1_z": -0.006458256150846622, "s2_z": -0.012862075384404419, "lambda_tilde": 2694.2720706900795, "delta_lambda_tilde": 73.14628389764175, "d_L": 69.03587379643697, "t_c": 0.07336758856733364, "phase_c": 5.288877542745771, "cos_iota": -0.41288123991158265, "psi": 0.6749956855238536, "ra": 4.762446015875964, "sin_dec": -0.9796054777755132}