{"seed": 8010, "f_sampling": 4096, "duration": 256, "fmin": 20, "ifos": ["H1", "L1", "V1"], "no_noise": false, "outdir": "./outdir_TaylorF2/injection_144/", "M_c": 1.6241342228137727, "q": 0.668298338249546, "s1_z": -0.04322900906979665, "s2_z": 0.0018364993350326042, "lambda_1": 2705.980957696422, "lambda_2": 3284.755794210511, "d_L": 195.15224544041467, "t_c": 0.06399874286352789, "phase_c": 0.7458447627099869, "cos_iota": -0.04453032073740104, "psi": 2.7807861411019457, "ra": 5.236983876031977, "sin_dec": -0.6758174992722121}