,detector,snr
0,H1,7.06393043778248
1,L1,8.376307523955937
2,V1,4.295781327565604
3,network,11.76925563406505
