{"outdir": "./outdir/injection_1/", "seed": 7615, "f_sampling": 4096, "duration": 128, "fmin": 20, "ifos": ["H1", "L1", "V1"], "M_c": 1.182358496731683, "q": 0.6834997927562789, "s1_z": 0.0013283836702027568, "s2_z": -0.033812852589750725, "lambda_tilde": 433.40122590590903, "delta_lambda_tilde": -33.168336402491036, "d_L": 31.789650840602047, "t_c": -0.08933662991429901, "phase_c": 5.826241299373959, "cos_iota": -0.27505594429768454, "psi": 2.433252227989817, "ra": 1.2134010709762213, "sin_dec": 0.18649884121855664}