{"seed": 8010, "f_sampling": 4096, "duration": 256, "post_trigger_duration": 2, "trigger_time": 1187008882.43,  "fmin": 20, "ifos": ["H1", "L1", "V1"], "no_noise": false, "outdir": "./outdir_TaylorF2/injection_6/", "M_c": 2.0532381351948232, "q": 0.8235110356497172, "s1_z": 0.0035545685165975435, "s2_z": -0.02132716784303783, "lambda_1": 297.7978197264164, "lambda_2": 1084.3557655149377, "d_L": 181.6384311937622, "t_c": -0.05008693966797655, "phase_c": 5.005874784287876, "cos_iota": -0.27065823726575444, "psi": 2.139818862692436, "ra": 0.7911814196033796, "sin_dec": -0.8708960223096973}
